<?xml version="1.0" encoding="UTF-8"?>
<!--
  Author: (Krish)nappan Muthuraman (iots242)
  Date: 04/27/18
  Decription: log4j2 for EGN-ICE Project.
-->

<Configuration status="WARN">
    <Appenders>

        <Console name="Console" target="SYSTEM_OUT">
            <PatternLayout pattern="%d{HH:mm:ss.SSS} [%t] %-5level %logger{36} - %msg%n"/>
        </Console>

        <File name="file" fileName="${sys:jbs.logdir}/apps/${sys:app.name}.log" bufferedIO="false">
            <PatternLayout pattern="%d{HH:mm:ss.SSS} [%t] %-5level %logger{36} - %msg%n"/>
        </File>
    </Appenders>

    <Loggers>

        <Logger name="com.fasterxml" level="DEBUG" additivity="false">
            <AppenderRef ref="Console"/>
            <AppenderRef ref="file"/>
        </Logger>

        <Logger name="com.uprr" level="DEBUG" additivity="false">
            <AppenderRef ref="Console"/>
            <AppenderRef ref="file"/>
        </Logger>

        <Logger name="org.apache" level="DEBUG" additivity="false">
            <AppenderRef ref="Console"/>
            <AppenderRef ref="file"/>
        </Logger>

        <Logger name="javax.jms" level="DEBUG" additivity="false">
            <AppenderRef ref="Console"/>
            <AppenderRef ref="file"/>
        </Logger>

        <Logger name="java.sql" level="DEBUG" additivity="false">
            <AppenderRef ref="Console"/>
            <AppenderRef ref="file"/>
        </Logger>

        <Logger name="org.springframework" level="DEBUG" additivity="false">
            <AppenderRef ref="Console"/>
            <AppenderRef ref="file"/>
        </Logger>

        <Root level="DEBUG">
            <AppenderRef ref="Console"/>
            <AppenderRef ref="file"/>
        </Root>

    </Loggers>

</Configuration>