<?xml version="1.0" encoding="UTF-8"?>
<assembly
        xmlns="http://maven.apache.org/plugins/maven-assembly-plugin/assembly/1.1.1"
        xmlns:xsi="http://www.w3.org/2001/XMLSchema-instance"
        xsi:schemaLocation="http://maven.apache.org/plugins/maven-assembly-plugin/assembly/1.1.1
        http://maven.apache.org/xsd/assembly-1.1.1.xsd">
 
    <id>distribution</id>
 
    <formats>
        <format>zip</format>
    </formats>
 
    <includeBaseDirectory>false</includeBaseDirectory>
    <fileSets>
        <fileSet>
            <directory>${project.build.directory}/lib</directory>
            <outputDirectory>lib</outputDirectory>
            <directoryMode>0750</directoryMode>
            <includes>
                <include>*.jar</include>
            </includes>
        </fileSet>
 
        <fileSet>
            <directory>${project.build.directory}/</directory>
            <outputDirectory>lib</outputDirectory>
            <directoryMode>0750</directoryMode>
            <includes>
                <include>*.jar</include>
            </includes>
        </fileSet>
 
        <fileSet>
            <directory>${project.build.directory}/</directory>
            <outputDirectory>/</outputDirectory>
            <directoryMode>0750</directoryMode>
            <includes>
                <include>ice.xml</include>
            </includes>
        </fileSet>
 
        <!--  only *.properties and log4j.xml -->
        <fileSet>
            <directory>src/main/config</directory>
            <outputDirectory>conf</outputDirectory>
            <directoryMode>0750</directoryMode>
            <useDefaultExcludes>true</useDefaultExcludes>
            <includes>
                <include>**/*.xml</include>
                <include>*.properties</include>
            </includes>
            <filtered>false</filtered>
        </fileSet>
    </fileSets>
</assembly>