<?xml version="1.0" encoding="UTF-8"?>
        <!--FIXME-->
        <!-- To get logging working, you MUST create an LDAP role following
        http://wiki.www.uprr.com/confluence/display/SYSENGR/RLR+Ldap+Roles
        where {rolename} is the display-name given in web.xml -->
<Configuration status="WARN" shutdownHook="disable">
   <!--  <Properties>
        Modify these in dev/test/prod.properties files
        <Property name="default.log.level">$${bundle:default:default.logging.level}</Property>
        <Property name="spring.log.level">$${bundle:default:spring.logging.level}</Property>
        <Property name="jad.log.level">$${bundle:default:jad.logging.level}</Property>
        <Property name="app.log.level">$${bundle:default:app.logging.level}</Property>
		These are set in resources/default.properties
        <Property name="app.tla">$${bundle:default:app.tla}</Property>
        <Property name="app.version">$${bundle:default:app.version}</Property>
        <Property name="app.name">$${bundle:default:app.name}</Property> 
       
    </Properties> -->
     <Properties>
        <!-- Modify these in dev/test/prod.properties files -->
        <Property name="default.log.level">ERROR</Property>
        <Property name="spring.log.level">ERROR </Property>
        <Property name="jad.log.level">ERROR </Property>
        <Property name="app.log.level">ERROR </Property>
		<!-- These are set in resources/default.properties -->
        <Property name="app.tla">EMA</Property>
        <Property name="app.version">1.0</Property>
        <Property name="app.name">EMA_LMS</Property>
       
    </Properties>
    <Appenders>
       
        <RollingFile name="file" 
                     fileName="${sys:jbs.logdir}/apps/${sys:app.name}_lms.log"
                     filePattern="${sys:jbs.logdir}/apps/ema_lms/${app.name}-%d{yyyy-MM-dd}.%i.log">
            <PatternLayout>
                <Pattern>%d{ISO8601} [class="%c" priority="%p" thread="%t"] %m%n</Pattern>
            </PatternLayout>
            <Policies>
                <SizeBasedTriggeringPolicy size="100 MB"/>
            </Policies>
        </RollingFile>
        <Async name="async" blocking="false" bufferSize="200">
            <AppenderRef ref="file"/>
            
        </Async>
    </Appenders>
    <Loggers>

        <Logger name="org.springframework" level="info"/>
        <Logger name="com.uprr.jmsgapi" level="error"/>

        <!-- Every uprr package will have this log level -->
        <Logger name="com.uprr" level="info"/>
		
		<Logger name="com.uprr.ema.lms.reports" level="info"/>
		<Logger name="com.uprr.ema.lms.liabilityProject" level="info"/>

        <Root level="info">
            <AppenderRef ref="async"/>
        </Root>
    </Loggers>
</Configuration>
